lecture,professor,review
Communicative English(1) : L/S,Breckenfeld John E,교수님이 너무 친절하셔서 좋아요 수업 때 어려운 것도 없습니다 꿀대영 교수님 아주 친절하시고 젠틀하십니다 시키시는 것도 많이 없어서 편하게 영어로 대화하는 분위기에요 외대에서 들었던 최고의 수업 시험 부담도 아예 없는 편이고 과제도 별로 없음 영어로 말하는 시간이 많고 중간 기말고사 시험 이외에도 수업시간에 다양한 것들을 통해 성적 매기심 교수님이 학생들 좋아하시고 귀여우십니다 말하기 많이 시키셔서 회화에 많이 도움돼요 천사같은 교수님 학생들한테 친절하심 배려하시는게 느껴짐 재수강인데 만족스럽습니다 교수님이 열의가 있으셔서 항상 수업 열심히 하시고 재미도 있습니다 약간 초등중등 시간에 원어민 수업하는 느낌이었습니다 수업 분위기는 좋아요 다른 수강생 분들이랑 대화 많이 나눠야해서 사교적인 분들한테는 특히 더 잘 맞을 것 같습니다 교수님이 아주 친절하시고 수업도 조원들과 간단하게 대화 나누는 방식으로 진행돼서 들을만한 수업입니다 교수님도 친절하시고 같은 조원들이랑 영어로 대화할 수 있는 시간이 많아서 친해지기 좋아요 중간고사 전에 발표도 어렵지 않구 종종하는 평가들도 따로 준비할 필요 없어서 부담없이 할 수 있어요 존 교수님 강추 합니다 교수님이 친절하시고 학생들 이름을 외우시려고 노력하십니다 수업 시간에 주변 사람들과 이야기하는 시간이 늘 있는데 저는 재미있었어요 자잘한게 많지만 그만큼 난이도가 높진 않다는게 장점인듯 같이 수업 듣는 사람들이랑 얘기 많이 할 수 있고 교수님 착하심 단점이라 하면 시간 나눠져있는건데 테트리스로 시간 맞출수있으면 듣는거 추천 팀플 많은데 그만큼 조원이랑 친해질 수 있어서 좋습니다 매주 조 활동이 있고 팀플도 2번 정도 있어서 좀 힘들기는 하지만 재미는 있습니다 수업 열심히 들으면 영어실력 많이 늘 수 있어요 친구 사귀기도 좋아요 약간 중학교 영어수업처럼 되게 마음 편하고 조끼리 계속 대화하면서 노니까 유일하게 일학년때 즐겼던 수업입니다 그리고 시험은 진짜 쉬워요 하라는거 준비만 잘하면 됩니다 조 활동이라 사람들과 친해지기 좋고 대화 위주 수업이라 부담도 적습니다 선생님이 정말 친절하시다 근데 자잘한 과제가 많구요 시험도 많이 봐요 어렵진 않음 존 교수님 짱 친구 많이 사귈 수 있고 조원들이랑 친해지면 한 학기가 편해요 근데 못 사귈 경우에는 좀 힘들어요 교수님은 정말 친절하신데 영어 시험 자체가 저희가 경험했던 시험이랑 너무 다릅니다 아무래도 영어 잘하는 사람들이 많아서 성적 따기 힘들 수도 있어요 그래도 한 학기 동안 활동할 조원 분들만 잘 만나면 행복하게 수업 들을 수 있을 것 같습니다 출결 꼼꼼하게 확인하시고 발표 과제 있습니다
Communicative English(1) : L/S,Hyun Jung Yang,전 양현정 교수님 너무 젛았어요 근데 과제가 많긴 해요 그치만 얻어가는 게 제일 많은 수업이었습니다 개짜고 과제 너무 많아요 진짜 교수님만 좋다고 생각하시게 될겁니다 수업 자체는 무난해요 계속 같은 자리에 앉아서 같은 조 친구들과 친해졌습니다 이 수업 듣고 완전 친한 친구 생겼어요  그만큼 서로 친해지는 데 짱 좋습니다 교수님 수업 마지막에는 게임도 해서 재밌어요 다른 과 친구 사귀기 좋아요 다만 짜잘히 할 것들이 많고 말을 많이 시킴 교수님은 굉장히 너그러우시고 성격 좋으시지만 많은 참여를 원하십니다 본인 성격이 내향적이라면 힘들 수 있어요 교수님이 굉장히 친절하시고 좋은 분이십니다 수업 때는 1 조별로 교재에 나와 있는 질문들에 대해 토의토론을 합니다 2 듣기 후 빈칸 채우기딕테이션 3 교재 문제 풀이 등 합니다 조별 과제 한 번 있었고 시험은 중간 기말 두 번 있었습니다 시험은 어렵진 않으나 공부하지 않은 학생과 한 학생이 변별되는 정도의 효과는 나오기 때문에 검머외가 아니라면 공부를 하셔야 합니다 그냥 시간만 때우고 가는 게 아니라서 좋았어요 자잘한 과제가 많지만 한번쯤 들으면 좋을 것 같은 수업이었어요 근데 쁠 기준은 모르겠어요  2학기 땐 다른 교수님 택할 것 같은데 1학기 때 양현정 교수님 들은거에 대한 후회는 없습니다 과제가 좀 있지만 교수님이 너무 좋으세요 시험도 어렵지 않은편이었음 수업에 열심히 참여할 자신이 있다면 추천드려요 시험은 중간 기말 두 번 보는데 교수님이 시험 직전에 정리해주신 거 보고 가면 엄청 어렵지는 않아요 과제는 자기소개로 글쓰고 기사 찾아서 발표하는 거 있고 이외에도 자잘한 과제들이 좀 있었어요 팀플로 두 가지 질문 중에 하나 택해서 한 번 발표하는 거 있었어요 과제가 많긴한데 그래도 교수님이 너무 좋으십니다 시험도 그리 어렵지 않아서 하루전에 빡세게 공부하면 됩니다 일단 수업 자체를 재밌게 이끌어가 주심 세시간 수업이여도 지루하단 생각은 딱히 들지 않음 다만 과제가 조금 많음 그래도 과제로 성적에 엄청 큰 영향을 미치는 건 아니라 부담 가지진 않아도 됨 과제는 솔직히 진짜 많았습니다 개인영상 과제 개인 발표 팀 발표 등등 하지만 교수님이 수업을 위해 많은 시간을 투자했음이 보이고 그만큼 수업의 질이 매우 높습니다 점수도 노력한 만큼 나오니 어느 정도 영어에 자신 있으신 분들은 선택하셔도 될 것 같습니다 교수님 너무 좋으세요  수업 덕분에 타과 친구들도 사귀고 수업도 재밌어서 대영가는 날은 진짜 부담없이 갔던 것 같아요  과제도 많다면 많을 수 있긴한데  대영이니까 영어와 가까워지는 과정이라고 생각하면 괜찮을수도 전 그냥 닥칠 때 하나하나 하다보니 한 학기가 금방 가버렸다는 장점으로 생각할래요 양현정교수님 짱짱 과제가 많아요 교수님 되게 좋으세요 수업 적극적으로 참여하시는 거 좋아하시면 추천합니다 교수님 너무 좋으시지만 시키시는게 꽤 많습니다 자잘한 과제 싫어하시면 비추 덕분에 다른과 학생들이랑 친해지게 됐어요 여기는 절대 소외당하는 사람이 없는 수업이니 걱정  내향인이어도 절대 소외 안당합니다 무조건 참여할 수 있음 하지만 시험 난이도가 조금 있는 편이에요파트마다 편차가 심한편 이번엔 듣기가 가장 어려웠습니다 그리고 과제가 좀 있어요 빡세게 하려면 조금 부담돠실수도요 교수님 자체는 좋습니다 멋지세요 무난하게 듣기 좋습니다 성적은 플제로 나눠집니다 교수님 완전 쿨하시고 좋습니다 매번 모둠 토의 형식으로 수업하는 데 친구 사귀기 좋아요 교수님은 너무 좋으세요 근데 조별 모임이 많아서 낯 많이 가리시는 분들은 힘들수도 자잘한 과제 조 활동이 매번 있지만 딱히 부담스럽지 않고 오히려 덜 지루합니다 교수님이 스피킹을 많이 시키려고 하시는데 그냥 문법 발음 신경 안 쓰고 냅다 말하셔도 됩니다 한 마디라도 더 뱉어야 실력 늘어요 교수님이 학생들과 친하게 지내려고 노력하시고 실제로 굉장히 재밌고 편한 교수님이십니다 전 2학기에도 수강할 듯 매우 좋은 수업입니다 저는 이 수업 진짜로 마음에 들었어요 영어 잘하는 편이고2학기 대영에서 공부 아예 안 하고 에이쁠받음 말하기도 자신 있는데  자잘한 과제가 엄청 많아용 글고 과제 점수 비중이 높아서 빼먹거나 거기서 감점 당하는게 영향이 크더라구요 시험 잘 보면 된다는 마음으로 과제 직전에 대충 했더니 시험 잘 봤는데도 비쁠 받았어용 수업시간에 조 만들어서 말하기 하는데 다른 과 친구들 만나기 좋아요 교수님 진짜 친절하시고 그냥 대답 많이 못하는 내가 죄송함 대영인만큼 영어 많이 내뱉으세요 활동도 자주하심 이 수업에서는 내향적이더라도 자신감 내시는 거 추천합니다 교수님 완전 좋으십니다 영상 과제나 발표 과제 객관적으로 띄어나게 잘 한 편이 아니었는데 수업 참여 많이 했더니 좋은 성적 받았어요 저는 성격이 맞아서 괜찮았는데 내향적이신 분들은 조금 힘드실듯합니다 영어 관련 게임도 준비해오십니다 교수님도 너무 좋으시고 조 활동이 많아서 사람들 사귀기도 좋아요 시험은 어렵진 않지만 쁠 제로 나누십니다 양현정교수님 최고 과제가 작게작게 많고 조 모임도 꽤 많아요 친구 사귀기는 좋은 듯 하지만 조를 자율적으로 짜게 해주셔서 친구 없으면 좀 그럴 듯 해요 시험은 쉬운 편이지만 세 시간 연강인데 쉬는 시간 한 번만 주시고 풀강으로 50분에 마쳐주십니다 교수님은 좋으시나 매주 작은 과제들이 많고 참여를 계속 유도하셔요 자잘한 과제들이 너무 많고 조별 모임 발표가 많아서 스트레스였음 그래도 점수는 잘 주시는 것 같음 자잘한 과제 조굼씩 있고 무난무난한 수업 오전 수업이라 피곤한걷 있 교수님의 수업방식과 조별로 대화하는 시간 모두 만족스러웠지만 잔잔한 과제가 많다고 느꼈습니다 시험 난이도는 비교적 쉬운 편인 것 같아요 영어 진짜 못해서 다들 쉽다고 한 시험도 좀 버거웠습니다 그래도 열심히 참여하면 에이는 주시는 것 같아요 학생들 참여 많이 유도하시고 열정이 많으신 교수님입니다 과제는 비중이 적은 것부터 큰 것까지 많습니다 지금 생각해 보면 시험공부에 대한 부담이 적어 과제를 많이 주신 것 같습니다 2시간 수업인 요일은 매번 조를 이루어 영어로 이야기를 나누는데 토킹에 자신있으신 분들께는 추천합니다 시험컷이 워낙 빡세 잘해야 b일거라 생각했는데 a0가 나와 뿌듯했던 수업이었습니다 과제가 좀 많고 매 수업마다 조별로 영어 대화해야합니다 내향적이면 비추 교수님은 학생들 참여 많이 하려고 응원해주십니다 자잘한 과제들이 많고 팀플이 한번 있어요 다른 대영에 비해 과제가 많은 편입니다 수업은 재밌고 매번 조별로 대화하는 시간이 있는데 크게 부담 가질만한 요소들은 없어요 시험은 객관식으로 쉬운 편입니다 근데 과제에서 감점 당하는 경우를 많이 봤고 기준도 납득하기 어려운 경우가 있어서 피드백을 봐도 왜 감점인 건지 받아들이기 힘든 상황도 있어요 성적은 아직 안나왔지만 저는 다음학기에도 양현정 교수님 수업 다시 신청하고 싶을 정도로 좋았던 수업이었습니다 영어로 한마디라도 더 말할 수 있도록 참여를 유도하시는 편입니다 매주 수업마다 가까운 자리에 앉은 사람들끼리 모여서 영어로 말하게 하십니다 소심한 성격이라면 어려울 수 있지만 이왕 외대와서 영어 배우는거 잘 하게되면 좋은거니까 열심히 참여하면 좋을 것 같습니다 다만 시험이 쉬워서 성적 평가가 어떻게 들어갈지 모르겠으나 교수님 성격도 좋으시고 과제도 쉬운편입니다 양현정 교수님 그저 갓 사랑합니다 수업에 적극적으로 참여하고싶다면 이 수업 추천합니다 과제는 자잘한것도 많고 크게 3번정도 있고 팀플도 한번 있습니다 그럼에도 뭔가 가장 대영 수업다운 느낌으로 많은 걸 경험할 수 있습니다 거의 매주 자리 앉은대로 조를 만들어서 영어 토킹을 주고 받습니다 나름 묘미가 있지만 소심하면 용기가 필요할거같아요 꼼꼼하게 다 챙기실수있으면 정말 추천드립니다 수업시간 적극적인 참여를 좋아하심 작은 과제들이 많긴하지만 부담은 없음 시험도 크게 어렵진 않음 수업 마지막에 게임해서 좋음 수강신청 실패해서 온 강의였지만 좋았던 강의였습니다 교수님도 재밌게 수업하시려고 노력하시고 큰 부담 없는 수업이에요 조별로 얘기하는게 첨엔 부담스러웠지만 하다보니 타과 학생들과도 친해지고 좋은 시간이었습니당 과제는 적당히 있고 시험은 변별력이 없어서 컷은 잘 모르겠네욤그래도 강추 교수님 좋으세요오 타과 친구 사귀기에는 정말 좋습니다 근데 영어로 말 잘 못하면 약간 부담이 될 수 있는 수업이라고 생각됩니다 그렇지만 본인이 노력만 한다면 좋은 강의인 것 같아요  교수님은 정말 친절하시고 수업때 꽤나 많이 웃게된 것 같습니다 너무 좋습니다 교수님 진짜 친절하십니다 수업 중 농담도 자주 던지시고 웃음도 많으십니다 학생들도 잘 챙기십니다 수업때마다 조를 만들어서 대화하는데 다른 과 친구 만들기 딱 좋습니다 과제도 거의 없다고 보시면 됩니다 시험은 쉽게 나옵니다 변별력이 있나 싶었는데 다행히 A컷이 생각보다 높진 않았습니다 발표는 주로 말하던 학생들 위주로 시키시는 것 같습니다 물론 발표를 많이 해야 점수도 많이 받긴 하겠지만 저는 발표가 워낙에 부담돼서 많이 안시키시는게 오히려 좋았습니다 저는 수강신청 실패해서 듣게된 수업이였는데 정말 좋습니다 꼭 양현정 교수님 대영 들으세요 Communicative라는 과목명에 가장 잘 부합하는 수업이라고 생각합니다 매 수업마다 조끼리 모여서 교재에 나온 질문들에 대하여 간단히 이야기해보는 시간이 반드시 있고 짜잘한 과제들이 많아서 꼼꼼하게 챙겨야 할 필요성이 있습니다 활발하게 참여하고 친구 많이 사귀시고 싶으시면 이 수업 들으시는거 추천합니다 교수님은 정말 친절하시고 좋으세요 Communicative English 라는 말이 가장 잘 어울리는것 같은 수업인것 같다 과제양은 별로 많지 않은것 같고 교수님께서 편하게 말을 할 수 있게 만들어주셔서 좋은듯 교수님께서 친절하시고 스피킹이랑 리스닝 실력이 정말 늘게끔 수업해주십니다 하지만 매주 조 짜서 스피킹하고 팀 과제랑 개인 과제가 좀 있는 게 부담스러워서 2학기에는 안 들을 것같네요 과제도 그렇게 많은 편은 아니고 학생들 배려 많이 해주세요 교수님 진짜 친절하시고 좋아요 참여형 수업 방식이기 때문에 활동적인 수업 좋아하시는 분 추천드려요 자잘한 과제가 많지만 어려운 과제는 아니니깐 잘 고려해서 선택해봐요 교수님 좋으시고 수업도 큰 부담 없었어요 대신 조별 활동이 많아서 말을 많이 해야 함 과제가 다른 대영 수업에 비해 많은 편이구요 조별 활동이 매 시간 있어 내향적이신 분들께는 비추천합니다 교수님께서 친절하시고 친근하십니다 발표도 부담스럽지 않고 막 던져도 도와주시는 편 입니다 다만 수업 내 조 활동이 많아 성가실 수는 있으나 친구 사귀기에 가장 좋은 환경이긴 합니다 수업은 두 시간 반 정도 진행되고 강의식교재문풀 수업4050 발표 및 팀 활동 수업 5060 입니다 교수님께서 밝으시고 학생들을 배려해주십니다 매주 토론이 있어서 친구 사귀기에도 좋은 것 같습니다 다만 참여형 수업이고 교수님께서도 참여를 중요시하다보니 극내향인은 조금 부담스러울 수도 있는 수업이라고 생각합니다 교수님 너무 친절하시고 설명도 잘해주세요 조별활동이 매주 있는데 다양한 사람들이랑 친해질 수 있어서 좋아요 과제가 엄청 많습니다 참여를 많이 요구하셔서 소극적인 학생은 힘들어요 극내향인은 듣지 마세요 괴로웠습니다 우선 저는 너무 좋았습니다  일부러 부담주시지 않으시고 이해해주십니다  한국 교수님이라 좋았던건 모르는 영단어 나오면 바로 한글로 설명해주셔서 이해가 편했어요  조별활동도 그냥 서로 편하게 질문답변하는 분위기입니다 과제는 자잘하게 좀 있는 편입니다 빡세진 않아요 교수님 텐션이 높으시고 조 활동이 많아서 수업이 지루하지 않고 좋습니다 교수님 정말 친절하십니다 그런데 다른 대영 대비 할 일은 좀 많은것같아요 교수님이 학생에게 관심이 많으시고 친절하십니다 영어를 잘 못해도 친절하게 잘 가르쳐주시고요 참여를 중요시 하십니다 교수님은 좋으신 분입니다만 다른 대영 수업에 비해서 학점 따기 어려운건 사실입니다 성적 잘 받고 싶으신 분들은 다른 수업 들으시는게 좋을 것 같습니다 실시간 소통을 중요시하시고 수업에 활발하게 참여하시고 싶은 분들에게 추천드립니다 교수님이 밝아서 좋으신것같습니다 수업도 좋아요 교수님은 정말 좋으신 분인 것 같고 굉장히 열정적이심 학생들이 얼마나 활발히 수업에 참여하는지를 중요시하심 가끔 랜덤으로 질문하실 땐 좀 당황스러웠음 영어 잘하시고 활발하게 수업 참여 하실 수 있는 분들껜 아주 재밌는 대영수업일 듯 시험 두번 다 줌키고 실시간으로 시험칩니다 팀플로 발표하고 과제도 있어서 다른 대영 수업과 비교할때 쉽게 학점받기는 어려운 수업입니다 수업 무난무난합니다 활발하게 참여하면 재미있을 수도 있어요 재밌고 쉽게 가르쳐주시고 시험도 쉬워요 팀플 한번 있었는데 ppt 발표 한번만 하면 됩니다 제일 좋은 대영이라고는 못하겠지만 그래도 상위권일 듯 교수님은 정말 좋으셨는데 시험 난이도가 높지 않아서 그런지 학점받기는 좀 까다로웠어요 시험 평균 성적도 높아서 시험볼때 꼼꼼하게 풀어야해요 강의평이 없어서 엄청 걱정했는데 괜찮은 수업이었어요 전 평화반입니다 어렵지 않은 리스닝 파일 들으면서 그냥 문제풀고 교수님이랑 대화나누는 느낌입니다 팀플한번 과제 두번에 시험 이클로 두번 과제는 진짜 부담 없어서 좋았어요 진리반이었고 막 엄청 강의력이 뛰어나시진 않았던 것 같아요 그리고 영어도 엄청 잘하는 느낌은 못받음 개인적으로 쓰는 영단어가 한정되어 있는 느낌이었습니다 시험은 어렵지않고 무난한것같습니다 진리반이고 수업은 무난하게 좋았습니다 수업 전후로 종종 일상에 대한 얘기도 나누려고 하십니다 팀플은 한 번 있고 시험도 그렇게 어렵지는 않아요 수업참여 열심히 하면 학점 잘 받아갈 수 있는 것 같습니다 평화반이었고 그냥 쏘쏘해요 수업 자체도 편한 분위기였고 내용도 어렵지 않고 시험도 안어렵고 과제도 별로 없고 팀플도 1번 있어요 교수님이 올해 처음 오셔서 열정적이십니다 학생들의 일상 이야기 듣는 거 좋아하셔요 그리고 성적도 비율 딱딱 나눠 주십니다 전 진리반이고 대영 1만 계속 수강신청을 실패했었습니다 근데 수강신청 정정기간 쯤에 이 수업이 열려서 들을 수 있게 되었습니다 시험 난이도도 적당하고 과제랑 팀플도 있지만 빡세지 않고 무난하게 할 만합니다 추천드립니다
Communicative English(1) : L/S,김다희,교수님 정말 귀여우시고 학생들에게 관심이 많으심 수업시간 기본 30분씩 빨리 마쳐주심 시험도 공부하면 쉬움 진짜 개꿀강인건 인정합니다 시험도 그냥 준비 안해서 봐도 될 정도로 나오고 교수님도 좋습니다 다만 정말 영어실력을 늘리고 싶다면 이 강의는 좀 토론하면서 콩글리쉬만 늘었습니다 교수님 너무 귀여우시고 수업도 재밌습니다 한국어를 많이 사용하셔서 큰 부담은 없었습니다 매번 조별끼리 영어로 대화하는 시간이 있는데 이것도 큰 부담은 없었어요 교수님께서 학생들 한명한명 이름도 기억해주시고 따뜻하십니다 교수님 친절하시고 원어민 수업 자신 없는 사람한테  한국어도 쓰심 영어 토론은 짧게 말해도 교수님 친절하시고 거의 토론으로 진행돼요  영어실력 느는 것 보다 편하게 수업 듣고싶으신 분 추천드립니다 조별 토론이 많습니다 그러나 분위기가 자유롭고 조 구성원들이랑 거의 영어로 떠드는 수준이기 때문에 크게 걱정할 필요가 없습니다 무엇보다 교수님이 너무 좋으세요 학생 한 명 한 명 얼굴이랑 이름 외우려 노력하시고 학생들 말에 귀 기울여주시면서 리액션도 크게 해주시는 분입니다 최고 막 크게 에너지 쓸 수업이 아니라서 좋아요 숙제도 없고 교수님이 저희를 생각해주신다는 게 많이 보여요 진짜 이런 교수님만 계시다면 대학교가 힘들지 않을듯  최고의 교수님 영어랑 한국어 많이 섞어서 쓰시고 항상 친절하게 답변 들어주십니다 매 수업마다 영어로 팀끼리 얘기해야하지만 주제도 어렵지 않고 1학년 교양답게 너무 재밌었어요 교수님 성격 너무 좋으시고 ENFP의 딱 맞는 느낌 수업도 재미있고 좋아요 매 수업마다 조끼리 간단하게 영어로 얘기합니다 큰 부담 없어요 교수님께서 이름이랑 얼굴을 다 외우셔서 전 좋았어요 영어로 대화하는데 틀려도 잘 알려주시고 계속 질문해주시고 이름기억해주셔서 좋았어요 교수님 정말 좋으시고 수업도 조금 일찍 끝내주십니다 강추합니다 조별로 이야기를 많이 시키시는데 부담스러운 정도까지는 아닙니다 매번 조별로 주어진 자료를 다 완성시켜야한다는게 좀 부담스럽긴 했지만 수업이 빡세진 않습니다 평범한 대영입니다 일단 교수님이 너무 좋으십니다 학생들 편의 많이 생각해주시고 엄청 친절하세요 시험은 기말만 보고 중간은 과제 대체라 크게 부담도 없구요 발표는 한 번 있었습니다 편하게 들을 수 있는 꿀교양 찾으신다면 추천합니다 숨겨진 대영 꿀강이에요 한 학기 내내 발표 하나랑 기말개쉬움만 보면 뭐가 더 없습니다  그냥 가서 옆사람이랑 영어로 스몰토크정도만 하면 돼요 교수님 친절하시고 너무너무 좋은 분이세요 다만 매 수업시간 마다 조별활동이 많아서 극내향인인 저에게는 너무 힘든 수업이었어요 교수님 착하시고 과제도 많이 없어요 다만 조별활동 많아서 내향인은 살짝 버거웠음 좀 개꿀인 것 같아요 원어 강의지만 영어보다 한국어를 더 많이 쓰세요  전 영어를 잘 못해서 편했지만 그만큼 얻어가는 건 없어요 하지만 대영은 개꿀인 교수님 듣는 게 낫죠 추천 성적도 잘 주십니다 교수님 진짜 친절하시고 학생들 이름도 다 외우고 계세요 수업도 학생들이 좋아하고 재밌어하는 파트 위주로 나가려고 하셨어요 덕분에 한 학기 동안 가장 즐거웠던 수업입니다 중간고사는 주제 선택해서 스크립트 쓰고 녹음해서 올리는 거였어요 기말고사는 ppt만들어서 발표하는 거 듣기랑 단어 위주 시험이었습니다 발음이 별로긴 한데그 대신 한국어로 거의 말해서 장점이기도 단점이기도 함 교수님 좋으시고 수업 분위기도 좋음 하지만 조용히 묻혀가고 싶었던 학생 입장에선 교수님이 이름얼굴 다 외우시고 tmi주고받기도 해서 눈 안마주치길 바랐음 쉬는 시간 잘 안 주심 일찍 끝내시는 건 이유가 있습니다 교수님 정말 친절하세요 평가내용도 다양해서 만회할 수 있는 기회가 많아요 다만 영어로 말씀하시는 걸 들어본 적이 거의 없어요 원어 수업이지만 거의 한국어로 수업하십니다 장단점이 있겠죠 교수님이 너무너무너무너무 친절하세요 영어 스피킹에 자신이 없난 편이라 걱정 많이 했는데 오히려 수업 때 좋은 친구들도 사귀고 영어 실력에 상관없이 편하게 얘기할 수 있었어요 과제도 딱히 없고 수업 진도만 따라가면 돼요 시험도 앵강했음 교수님 매우 착하시고 수업은 부담스럽지않으면서 편하게 듣기 좋음 교수님이 매우 친절하십니다 매 수업마다 조별 토론이 있지만 큰 부담은 없습니다 항상 40분 정도 일찍 끝내 주셔서 좋았습니다 따로 과제도 없구 수업도 30분씩 일찍 끝내주셔서 매우 굿 하지만 출튀 절대 불가능이고 조끼리 앉아서 영어로 대화를 해야한다는 점이 매우 부담 하지만 친구 사귀거나 아님 같은 학과 사람들끼리 수업 듣는다면 재밌을 것 같슴니다 교수님께서 학생둘 이름 다 외우셔서 출튀는 네버 또 매일 새로운 사람들과 영어로 얘기해야해서 내향인에게는 힘들 수 있어요 진짜 교수님 너무 착하고 귀여우심  과제 그딴거 앖구어 그냥 최고에요 최고 교수님이 진짜 좋십니다람쥐구멍청이빨대 삭막한 대영이라는 사막에 내려앉은 오아시스 같은 교수님 한 학기 동안 만족스럽게 수업 들었습니다 같은 수업 듣는 친구들과도 친해지기 좋고 부담스럽지 않은 수업 난이도였어요 과제도 없고 매번 빨리 끝내주셔서 좋았습니다 교수님 성격이 좋으셔서 재밌게 수업 했습니다 스피킹에 자신없거나 내향형이신 분들은 조금 힘들수도 있습니다 교수님이 그날그날 주시는 주제에 따라 앉은자리대로 조짜서 영어로 스피킹 많이 합니다 과제 없습니다 수업 항상 20분 이상은 일찍 끝나요 대체로 40분정도 일찍 끝났던 것 같습니다 교수님 너무 착하시구 중간고사도 대체과제인데 어렵지 않아요 교수님 너무 좋으십니다 항상 학생들한테 잘 다가와주시고 수업도 정말 재밌습니다 팀별로 활동 진행하는데 그거 스트레스 받는 조별활동이 아니라 그냥 팀이랑 같이 영어로 대화하는 거라서 부담스럽지도 않고 영어로 대화할 수 있는 기회도 늘어서 좋습니다 중간고사는 치지 않고 녹음 과제로 대체합니다
Communicative English(1) : L/S,김인성,시험이 그냥 정직하게 나오고 성적도 공부한 만큼 나오는 정직한 시험입니다 그래서 저는 못 받았어요 0 무난한 대영인 것 같아요 시험이 조금 빡세지만 성실히 하면 점수 잘 받을 수 있습니다 중간안봐서 좋았구 다른 대영같은 참여형수업이아닙니당 파트너랑 대화하는 시간있긴한데 대충하면되구 그냥 강의식수업이라서 전 좋았어요 근데 지루하다고 느낄수있을듯 과제는 격주에한번 있는데 제출만하면 됩니당 원어로만 진행되지만 충분히 이해 가능한 수준입니다 제시된 주제로 파트너와 대화한 후 대화한 내용을 바탕으로 발표하며 충분히 영어를 구사해볼 수 있습니다 과제량도 적당하고 시험도 변별력을 가진 적당한 난이도로 출제됩니다 좋으셨어용 과제도 별로없고 시험도 중간은 안보고 기말만  아 중간중간 단어테스트도 보는데 외대올정도면 걍 공부안하고도 풀 정도고요 발표자주 시키긴하는데 이것도 못하면 대학왜와여 교수님이 친절하시고 좋아요 번호 순서대로 발표 시키시는데 처음에는 부담스러웠는데 하다보니까 괜찮았습니다 파트너랑 영어로 대화하는 게 많은데 친구들도 생기고 실력도 늘어서 좋았습니다 책으로만 수업 하시고 파트너랑 영어로 말하는 시간은 있지만 부담이 될 정도는 아닙니다 평가기준도 명확하시고 교수님 좋으십니다 파트너와 짝지어 영어로 대화하는데 크게 부담없어요 과제는 조금 있는 편인데 많아야 1시간 투자하면 끝납니다 수업도 재밌고 좋아요 2주마다 1회씩 1분정도 독해한것 녹음해 제출하면 되고 어려운 부분은 한국어도 섞어서 설명해주십니다 무작위로 학생 골라서 발표 시키기는 하는데 그렇게 어렵지는 않아요 교수님 좋으십니다 덥다고 수업을 일찍 끝내주시기도 했습니다 과제도 12번 정도밖에 없었고 중간고사 없이 기말고사만 봅니다 발표시 가산점이 부여됩니다 출석부를 보고 돌아가며 발표를 시키시고 조별로 각자 의견을 말하거나 주어진 간단한 발표를 준비하는 형식의 수업입니다 저는 개인적으로 회화에 거부감이 있는 편이 아니라 괜찮았습니다 다만 점수대가 굉장히 촘촘하여 가산점 받아서 겨우 학점 땄습니다 그래도 추천할만한 대영이라고 생각합니다 조별로 토론하고 랜덤으로 계속 발표시켜서 집중하고 있어야 하긴해요 그래도 교수님 젠틀하시도 과제가 많지도 않아서 수강하기 좋은 것 같아요 교수님 정말 친절하시고 전체적으로 부담없는 수업에 질문도 정성스레 답해주십니다 교수님이 한국인이셔서 수업 끝나고 모르는 걸 편하게 여쭤볼 수 있어요 교수님 젊으시고 재밌어요 거의 매시간 조모임이 있긴한데 크게 부담되는 건 아님 문법 설명할때 용어같은건 가끔 한국말로 해주셔서 이해할 만해요 질문에 대답 못해도 잘 넘어가주심 굳굳 교수님도 친절하시고 수업도 따라가기 어렵지 않습니다 조별활동이 있긴하지만 부담스럽지 않고 좋습니다 조별활동이 여러 번 있긴 했지만 조별과제는 없었고 교수님께서 설명도 친절하게 잘 해주십니다 중간고사는 대체과제로 진행되었고 어렵진 않았습니다 중간고사는 시험 안 보고 대체과제가 있었습니다 그 대체과제가 어려운 게 아니고 엄청 쉽게 할 수 있는 과제입니다 수업시간에는 조별로 해야하는 활동이 있으나 조별과제가 있지는 않습니다 괜찮은 대영이라고 생각합니다 교수님 정말 친절하세요 경쟁률 낮은거 고를려고 일부러 인기 없는 대영 골랐는데 만족만족 중간 대체과제도 엄청 쉬웠음 되게 부담 없는 강의 무엇보다 수업하실 때 친절하고 가끔 막히는 부분이 있으면 정말 잘 설명해주세요 교수님 너무 친절하시고 수업도 학생들 배려하면서 진행해주세요 문법 설명이나 예시 들 때 가끔 한국어로 한마디씩 하시고 쉬운 단어를 사용하셔서 수업 이해가 잘 돼요 학점도 기대 안 했는데 정말 잘 주시고요 추천합니다 과제는 학번으로 짝수홀수번 번갈아가면서 내주셔서 2주에 1번꼴이라고 생각하시면 될 것 같아요 과제는 대본 쓰고 녹음해서 대본이랑 녹음파일 둘 다 과제란에 첨부해서 제출하는 방식입니다 너무 좋습니다 진짜 수업하실때 너무 친절하시고 이해잘됩니다 모르는거 질문하면 진짜 열심히 알여주십니다 발표도 처음엔 부끄럽지만 참여할수록 더 수업에 집중하게 돼요 학점도 진짜 잘주십니다 되게 괜찮은 강의라고 느꼈습니다 무엇보다도 수업을 이해하는 데 있어 굉장히 효율적이라고 느껴요 별점 없어서 걱정했는데 비대면일때 성적도 잘 주셨습니다  대신 발표 잘하시는 분이 들으면 더 좋은 강의에요
Communicative English(1) : L/S,박경선,교수님이 일단 너무 착하셨어요 진짜 대영 숨은 꿀강 보증합니다 너무 좋았어요 저는 너무너무 만족이요 교수님 너무 좋으세요 단점은 졸리긴 해서 저도 몇번 졸았어요  그래듀 학생들 많이 배려해주시고 시험도 딱 괜찮은 수준에 공부하면 에쁠 주십니다  팀플 없는게 제일 좋았어요 교수님 수업 더 듣고 싶어서 이중도 엘트 할려규요 교수님 최고 1교시 실강이라 힘들었던 강의입니다 그 영향으로 수업을 거의 듣지 못했지만 시험은 수업을 듣지 않아도 따로 공부만 하면 잘 볼 수 있는 시험이어서 A 받았습니다 다른 대영 수업들은 조끼리 토론도 하고 그러는것 같던데 이 수업은 팀플 과제 전부 없어서 정말 편했습니다 말투도 나른하시고 1교시 실강이라 진짜 불면증이 싹 사라지는 마법 시험도 수업을 꼭 들을 필요 없이 영어에 자신 있다면 은 시험이었음 수업은 1교시조곤조곤하신 말투로 상당히 버티기 힘듭니다 하지만 대면으로 듣기말하기 시험을 치루시기 때문에 정말 공부한 만큼 성적을 받을 수 있어서 공정했다고 생각합니다 교수님이 학생들과 소통하려 노력하시는 편이고 학생들 사정 고려해서 시험 일정도 유도리있게 조정해주십니다 시험 난이도도 그렇게 어렵지 않고 미리 알려주신 부분 준비해가면 되는 거라 괜찮았습니다 다음학기 다시 들을 생각 있습니다
Communicative English(1) : L/S,박리라,이 교수님 너무 좋은데 수업 없어진것같음 수업도 괜찮은데 진짜 교수님이 너무너무 좋으심 학생들 입장에서 생각해주시고 과목특성상 발표는 많이 하지만 별로 부담은 안됨 성적도 잘 주시는 편인듯 교수님 사랑합니다 과제가 많으나 교수님 열정 많아요 시험 점수는 매우 후하게 주시는 편 같아요 과제 많은 것빼곤 다 괜찮 교수님 자체가 너무 좋으신 분 같아요 한국분이라 수업할 때 부담이 크지 않고 학생들이 발표할 때 안떨게 노력해주세요 중간중간 과제는 많았지만 시간이 그렇게 오래걸리지 않고 그것을 감안하여 수업도 일찍 끝내주셨어욤 나만 듣고 싶어서 1점 줄까 하다가 솔직하게 5점 교수님이 너무 좋으시다 자잘한 과제가 많아서 좀 귀찮긴 했는데 진짜 간단한 것들이어서 할만했다 교수님 진짜 친절하시고 학생들 칭찬해 주시고 암튼 진짜 좋으심 절평이라 학점은 괜찮게 나올 것 같다 영어를 얼마나 오류없이 사용하느냐보다는 logical flow 글의 흐름을 중요하게 생각하신다 영어 못하는 나한테는 아주 좋았다 싸강으로 들어서 더 편한 것도 있었지만 일단 중간고사  개인 발표 기말고사  그룹 발표로 이루어져 있어요 부담스러우실 수도 있으나 시험 기간 되시면 이게 얼마나 꿀강의인지 알게 되실겁니다 in activity 활동을 매 수업 하고 지원자가 없으면 교수님이 랜덤으로 발표자를 고르십니다 정말 말 그대로 회화 수업이기 때문에 사람에 따라 부담감이 클 수 있어요 하지만 교수님 정말 정말 좋으신 분이고 학생들을 잘 이해해주시며 굉장히 한 명 한 명의 발표에 칭찬해주시고 또 그러려시려고 노력 많이 하세요 전 너무 좋았어요
Communicative English(1) : L/S,선영화,팀플이 굉장히 부담스럽긴 했지만 수업을 위해서 필요했다고 생각합니다 강의는 정석적인 느낌이었는데 과제의 양을 처음에 공지한 것보다 훨씬 줄이는 등 융통성이 있으셨습니다 교수님 목소리 편안 그리고 너무 젠틀하심 과제나 시험 하나도 안어려웠고 딱히 많지도 않고 성적도 잘주심 최고 교수님 너무 친절하시고 좋으세요 시험도 부담없이 보서도 될꺼 같아오 너무 좋았음 과제도 일주일에 한 번씩 문장 번역하는거랑 발표 과제 있는데 문장 번역도 별로 안 어렵고 발표 과제도 일주일전에 스크립트만 써서 외우기만 하면 됨 중간고사도 과제 형식이고무엇보다 교수님이 무척 친절하심애들이 가끔 못 알아들어도 맨날 설명 다시 해주심 진짜 최고임 왜 평점 낮은지 이해가 안됨 개인적으로 시키는 것이 매우 많음 그렇다고 점수를 후하게 주지도 않고 정말 깐깐하심 시험은 어렵지는 않지만 알려주신거는 하나도 안나오고 그냥 기출변형문제느낌 아쉬움이 많은 수업이었음 교수님 정말 잘 가르치세요 열의도 있으시고 정말 넘 좋았어요 또 수강하고 싶어요 이분을 오프라인에서 안 뵌것이 정말 다행이라고 느꼈음 창조반 시험 문제를 진심으로 푼 사람이라면 절대 이 수업 잡지 마시길 같이 수업듣는 사람들이 영어를 잘 하는것도 아닌데 팀플로 자꾸 이것저것 시키심 정말 우리 영어수준을 너무 고려 안해주시는 것 같음 교수님 다른 수업 수강평을 수강신청 전에 봤다면 좋았을걸 분명 교영 듣는 사람도 재수강 하는 사람도 많을텐데 마지막날까지 자리가 남아있었던게 의아했음 땅을 치고 후회함 특히 매주 20분씩 영어로 토론을 진행하게 하시는데 팀 사람들이랑 계속 하는거 너무 답답하고 힘들엇음 20분이 결코 짧은 시간이 아님 팀 잘못걸리면 걍 나만 손해
Communicative English(1) : L/S,성정혜,시험이 다른 대영교수님들에 비해 어렵지만 교수님은 좋으신 분 회화 못하는거 이해해주시고 배려해주시려고 하심 점수도 생각보다 후하게 주시고 근데 시험이 좀 힘들다는게 문제 그냥 뭐 쏘쏘일단 교수님이 그래도 성격이 모나신분이 아니라 친절하신분이어서 좋습니다다만 과제가 좀 많아요매주 하는 과제가 있습니다한국어를 잘하셔서 좋습니다다음에도 이 수업들 을꺼냐 하면 뭐좋은 시간대에 걸려있다면 들을 마음 있음 자잘하지만 얻어갈거 없는 과제들이 너무 많고 시험도 절평 시기에 너무 난이도가 높았던거 같아요 또 대면 시험을 보시는데 장소랑 시간을 당일 아침에 공지해주셔서 혼란스러웠구요 교수님 성격 자체는 좋으신거같은데 배워가는건 진짜 없어요 대영 과목 자체가 전공 공부보다 시간이 더 많이 투자되는 과목은 아닌데 이 수업은 너무 많은 시간 투자가 요구되네요 추천하고 싶진 않습니다 무엇보다 교수님 사람자체가 너무 좋으신분이다 과제가 자잘하게나오고 귀찮은게 있긴한데 그렇게 오래걸리지도않고 어렵지도않다 학생들 영어회화 잘 안되는거 충분히 알고계시고 진심으로 잘하게끔 도와주려고 노력하시는것같다 강추드림
Communicative English(1) : L/S,오영림,교수님 완전 좋으세요  온라인 과제만 잘 내면 됨 중간고사 발표 대체입니다 평소에 발표를 힘들어하거나 영어에 거부감이 있으면 힘들 것 같아요 그래도 5분 가량의 발표에 아주 높은 수준을 요구하시는 것은 아니라서 할 만 합니다 과제는 매주 있고 대신 1시간짜리 분강은 안가도 됩니다 과제가 살짝 귀찮은 과제들이에요 그래도 교수님이 너무 밝으시고 친절하셔서 저는 2학기때도 들을 것 같아요 수업 중에 랜덤으로 발표를 시키십니다 내향적 편인데 틀리거나 길게 안해도 발표 하기만 하면 돼서 나쁘지 않아요 전까지는 기말 발표 온라인 제출 했던 것 같은데 이번엔 현장에서 합니다 이건 준비 좀 하셔야 해요 수요일은 동강이라 편하긴한데 까먹을 수 있으니까 미리 해두시는 걸 추천드려요 외에는 크게 부담스럽거나 그런 부분은 없는 것 같습니다 교수님이 밝으시고 수업도 재미있어요 뭐 좋긴한데 영어 틀린 학생한테 뭐라고 하는게 좀 있어요 좀 기분이 나빠요 전 영어를 못해서 수요일 수업은 온라인이라 집에서 과제만 하면 됩니다 좋아요 교수님이 완전 좋아요 햇살같으셔요 발표가 오프라인으로 바뀌었지만 괜찮아요 과제는 조금 많은 거 같애요 FM인데 한국인 교수님이라는 점을 무시못합니다 대영이 이렇게 편했던 적이 있나 싶을 정도류 꿀입니다 개인적으로 좋아했던 교수님이고 약간 FM 느낌이 있으세요 친절하십니다 일단 한국인 교수님이라는 점에서 오는 안정감이 있습니다그리고 교수님도 너무 좋으셔요 학생들 편의 봐주시려고 늘 노력하시고 편한 분위기의 수업이었어요 진짜진짜 갓영림1시간짜리 수업은 녹강이고학샹들 편의도 진짜 잘 봐주시고무엇보다 교수님 말씀을 또박또박 해주셔서 해외에서 자란 경험이 없는 저도 완전 잘알아 들을 수 있으셨습니다 과제 지각 제출도 하고 녹강도 몇번 안들은적있었는데 비쁠 나온거 보니 성적도 후하게 주시는것같습니다 최고 교수님 너무 친절하시고 영어 못 해도 다 이해해 주셔서 너무 좋았습니다 과제가 조금 있긴 하지만 영어를 잘 못 하는 분들깨도 크게 어렵다고 느껴지지는 않을거에요 시험은 발표하는건데 남들 앞에서 말을 잘 못하거나 혹은 부끄러움을 많이 타시는 분들은 조금 힘들 수 있을 것 같아요 그래도 다른 교수님들처럼 앉아서 시험보고 하는건 없어서 전 좋았습니다 그리고 출결을 좀 중요하게 보시는 것 같은데 지각이나 결석 많이 하시는 분들은 A는 일단 포기해야 할 것 같아요 유고결석 써서 출석이 인정돼도 결석한 날에 했던 활동들에 대한 점수는 반영이 안 되어서 웬만하면 지각 결석 안 하는거 추천합니다 점수대가 촘촘해서 영상물 점수 잘 받아도 지각 두세번 하면 바로 B로 내려가니까 참고하세요 교수님 너무 좋으시고 수업 편한데 마지막 날 재미로 하는 줄 알았던 퀴즈 활동 뭐 거기서 1점 갈려서 A 날렸어요 그만큼 엄청 촘촘해요 과제 출결 다 만점이었는데  그래도 시험 없는 건 좋았어요 교수님이 친절하시고 수업 내용도 재밌는 활동 위주라 추천 드리는 수업입니다 성실하게만 가면 학점 잘 받으실 수 있을 듯 단 성적대가 촘촘해서 발표에서 한 번 깎이면 두등급씩 확 떨어짐 발표가 온라인이라 좋았는데 뭔가 담 학기 부터 현장 발표로 바뀔 것 같은 분위기 그러면 영어 스피킹 잘 하는 사람들만 편하게 학점가져갈듯 교수님 너무 좋아요 교수님이 엄청 밝으시고 수업도 너무너무 재미있어서 제 1학기 시간표중 제일 행복하게 들었던 강의였습니다 다만 해야할 것들이 조금 복잡하고 성적대가 촘촘해서 정신 바짝 차리고 들어야 하는 수업입니다 중간 기말 없이 대체 발표로 성적이 나오는데 온라인으로도 할 수 있어서 생각보다 괜찮습니다 교수님 진짜 최고십니다 성격 좋으세요 발음도 좋으시고 다음학기에도 들을거에용 교수님이 완전 햇살같이 화사하신 분이에요  발음도 분명하셔서 영어도 잘 들리는 것 같구요 수업 시간에 약간 학창시절에 많이 하던 영어 활동들이 많아서 재밌었어요 예를 들어 마리오 비스무리한 게임 빙고 게임 스피드 게임 등등 만약 2학기에도 시험이 없다면 또 듣고 싶어요 오영림 교수님 숨겨진 꿀강이었네요 교수님 너무 친절하시고 수업 진행 방식도 부담없는 가볍고 재밌는 활동들이 대부분이고 과제도 피피티 발표 정도밖에 없습니다 1학기는 중간이나 기말 시험이 아예 없어서 시험기간 됐을 때 진짜 굿이었구요 금요일 1교시가 힘들었던 것말고는 선택하지 않을 이유가 없는 것 같네요 최고의 대영 수업 중간 기말 시험 없고 온라인으로 7분 가량의 대본 외워서 발표하는 것만 하면 됨 교수님 발음도 엄청 좋으시고 짱 친절하셔서 좋음 무조건 들으세요 시험도 없고 수업을 즐겁게 진행해주셔서 좋아요  처음에는 영어쓰는 것도 듣는 것도 어색했는데 익숙해지는게 신기합니다 교수님 친절하시고 재있어요 추천합니다
Communicative English(1) : L/S,윤미선,성적을 잘 주시는듯 다 쁠 붙여주시는것같음 엄청 계획적이시고 그날 수업 준비를 너무 꼼꼼히 열정적으로 해오셔서 좋음 근데 매번 새로운 주제에 대해서 달라지는 파트너랑 대화를 나누는게부담스럽다면 그렇게 맞지는 않을듯 함 마지막에 에세이 써서 교수님이랑 11 발표를 하는데 많이 떨고 절고 이상하게 해도 점수는 잘 주셨음 좋은 분인데 걍 힘들었음 교수님이 정말 계획적이고 수업을 잘 준비해주시는 것 같아요 단 매주 매수업 풀강입니다 매 수업마다 점수에 반영되는 문제들을 풀어야해요 저는 좀 부담스러웠습니다 앞에 나가서 발표하는 거랑 매 시간 다른 분이랑 짝지어서 의견 공유하는 거 솔직히 조금 부담되긴 했는데 열심히만 하면 성적은 진짜 잘 나오는 것 같아요 시험도 쉽게 내십니다 아아 갓미선 교수님 진짜 좋으십니다 중간 기말 둘 다 평균 밑인데 과제 발표 열심히 했더니 B주심  쁠 다 달아주시는 것 같아요 수업시간에 짝 지어주시고 짝이랑 토론시키시는거 저도 내향형으로써 처음엔 당황스럽긴했는데 하다보면 재밌고 친구도 사귀고 좋아요 극 내향형입니다 저 그리고 수능 영어 23이였고 평화반도 거의 창조 바로 위 수준으로 평화 문닫고 수업들은건데 시험 난이도도 쉽고 물론 공부안한 나의 죄 발표도 교수님이 양식 다 알려주시고 단어만 제 상황대로 바꿔 넣으면 되는거라서 쉬워요 평화반인데 영어 못한다  윤미선 교수님 꼭 들으시길 아 그리고 교수님이 열심히 하는 것을 좋게 평가해주시는 것 같아요 그니까 중간 기말 망해도 과제 열심히 하셔요 윤미선 교수님에 대한 공격은 저에 대한 공격으로 간주하겠습니다 흥 수업은 다음과 같이 진행됩니다 1 매주 파트너를 정해주시고 그 파트너 분이랑 수업에서 간단한 주제에 관한 이야기를 합니다 ex 전기기 끊긴다면 우리는 어떤 삶을 살까 이건 참야만 하면 되고 평가기준으로 보지는 않으시는 것 같으니 어렵게 생각하실 것 없을 것 같네요 2 오디오를 듣고 책 내의 문제를 풉니다 그 후 몇 명을 호명해 답을 물으십니다 참여점수에 반영되는 것으로 알고 있습니다 딱히 어렵진 않아서 책을 못 가지고 오신 분들 빼고는 다 답을 하시더라고요 3 오디오를 듣고 대본을 채웁니다 그리고 채운 부분은 다같이 말하거나 호명된 사람이 말합니다 이것도 아마 위에 참여점수와 같이 평가되는 것으로 알고 있습니다 시험에 큰 부분응 차지하니 대본을 보시고 주제와 전개를 정리해보시면 도움될 듯 합니다 4 특정 주제에 관해 간단하게 3줄 정도 발표를 구상하고 앞으로 나와 발표합니다 이것도 참여점수인데 한 학기에 한 두번 합니다 5 과제는 특정 주제로 발표를 하는 겁니다 중간 과제 기말과제가 있습니다 자료만 보지 말고 아이컨택이 중요한 것 같습니다 6 수업시간에 한국어 쓰면 감점이라고 하십니다 교수님은 굉장히 친절하십니다 쉬는 시간은 많은 분들이 말하시듯 적어요 대신 10분 20분 빨리 끝날 때가 꽤 됩니다 수업시간을 굉장히 알차게 사용하십니다 매번 ems에 분 단위로 쪼개서 뭘 할지 올려주세요 근데 딱 지켜진 적은 거의 없는 것 같습니다 쉬는시간이 매우 짧고 할 게 많아요 매일 20명씩 앉은 자리에서 교수님이 묻는 말에 대답을 해야하고 교과서내용 이름이 불리지 않은 10명은 앞에 나가서 자신이 쓴 내용을 발표해야 합니다 발표 및 대답은 그날 그날 점수에 들어가니 유의하셔야됨 과제는 없지만 기말에 자신이 쓴 대본 약 4분 분량 달달 외워서 발표해야한다는게 좀 별로 고등학생 수행평가 같아요 그래도 교수님은 정말 좋으신 분이라 별 4개로 합니다 수업만 생각하면 3개 정도 대영 보면 책 아예 안 쓰시는 교수님들도 있다는데 이 분은 그렇진 않으심 그래서 책 산 돈이 아깝진 않고 영어로 대화하는 시간 있어서 좋음 쉬는 시간이 짧긴 한데 할 일이 많아서 짧은 거 같으니 그정도 감수할 수 있으면 들어도 좋음 강의평 없었어서 좀 걱정했는데 생각보다 좋으신 분 같음 수업 형식은 정확히 교과서를 따라서 진행되고요 수업은 보통 2시간 반하시고 중간에 한 번 짧게 쉬어요 매주 바뀐 파트너와 대화합니다 다양한 사람들과 대화 해볼 수 있어서 좋았지만 친구를 사귀기엔 매주 파트너가 바뀌어서그리고 교과서 내용대로 대화를 해야해서 엄청 외향인이 아니면 힘들 수도 교수님은 한국분이셔서 중요한 점은 한국어로 들을 수 있어요 중간 기말 한 번씩 두 쪽짜리 스크립트를 작성하는 과제가 있고 시험도 있어요 기말에는 앞에서 자신이 쓴 스크립트를 달달 외워서 스피킹도 해야합니다할 일이 꽤나 많은 수업 교수님은 엄청 좋으신 분 같아요 교재를 중심으로 수업하십니다 매주 파트너가 바뀝니다 듣기 스크립트 파일을 바탕으로 빈칸 채우기 합니다 매주 10명씩 앞에 나가 영어로 발표합니다 수업은 파트너와 대화하는 형식  교수님 질문에 대답하는 형식입니다 이것이 매주 반복됩니다 수업 어렵지 않고 과제도 많이 없고 교수님도 너무 좋으세요 성적 기준과 같은 중요한 부분은 한국어로 친절히 설명해주셔서 영어 많이 못하셔도 걱정 없이 들으실 수 있어요 거의 풀강하는데 쉬는시간 5분줍니다 수업은 그냥 책보고 서로 대화하게 시킵니다 다른 사람이랑 영어로 대화하는거 좋아하고 쉬는시간 별로 안좋아하시면 추천드립니다
Communicative English(1) : L/S,윤주형,코로나 때 듣긴 했지만 교수님이 최대한 성적 잘 주려고 해주시고 학생들 편의를 많이 봐 주신다는 느낌을 받았습니다 무난한 대영 강의로 추천드려요 최소 2주에 1번은 조별과제가 있었어요 조별발표는 1번이었지만 조별로 토의해야 되는 경우가 꽤 있었어요 그래도 학점은 절대평가라서 정말 후하게 주셨어요 강의평이 없어서 불안했는데 교수님이 학생들 의견도 정말 많이 반영하시고 정말 좋으세요 과제도 엄청 간단하고 시험도 별로 안어렵습니다 절평 때는 학생들 점수 잘 주시려고 추가 점수도 주시고 정말 좋았어요 최고의 교수님 진짜 좋으시다 담 학기도 꼭 듣고 싶음 대영 처음 하신다구 들었는데 전 너무너무 좋았습니다 문자로 질문드리면 답변 정말 빨리 해주시고 요구사항이나 문제 있으면 처리도 바로바로 해주셔서 너무좋았어요 글구 학생들을 항상 우선적으로 배려해주시는 것 같고 강의력도 나쁘지 않았습니다 수업방식도 투표로 결정해주신 것 보면 정말 학생 배려 많이 해주시는 분이구나 느꼈어요 과제는 자잘한 게 좀 많은 것 같아요 근데 한시간도 안 돼서 다 할만한 과제들이라 딱히 많다고 느껴지지도 않구 팀별 발표 팀플이 한 번 있는데 이것도 점수 후하게 주시고 영어를 실용적으로 사용할 수 있도록 피드백도 잘 해주셔서 도움이 많이 됐습니다 에이플 감사해요 교수님최고 기말도 쉬웠어용 그냥 교과서 위주의 수업이라고 생각하시면 될 것 같습니다 강의력이 엄청 좋으신 것도 아니고 그냥 보통 정도의 수업
Communicative English(1) : L/S,이고운,내용 이해 쉽고 질문 잘 받아주심 고민했는데 교수님 수업 듣기를 잘했다고 생각함 할 거 너무 많고 매 주 과제 쏟아지는데 성적 잘 주셔서 미화됨 성실하게 열심히 하는 사람들 좋아하는 듯 공지나 일처리 부분이 조금 신경쓰였는데 이메일보내면 성심성의껏 답해주셔서 좋았습니다 수업도 평이하고 과제도 어렵지 않습니다 수업 나름 괜찮았는데 약간 공지나 일처리가 처음오셔서 그런지 부족한 부분이 있었습니다 근데 그냥 신경쓰일 정도도 아니고 조모임이나 과제 전부 난이도도 쉽고 시험도 너무 쉬웠기 때문게 절평이면 다들 무난하게 점수 잘 받았을 것 같습니다 무난무난하고 매주마다 출석을 위해 조모임 5분씩 다만 소통이 너무 안되는 것이 단점 팀플 매주 있긴한데 준비할필요 없고 걍 5분정도 조원들이랑 말하면됨 공지 이상해서 별점 하나뺌 학점 따기엔 좋은데 팀플 매주마다 있고 수업에서 얻어가는 건 없는듯 근데 시험도 쉽고 수준 낮은편이라 학점은 잘 나옴 성적 잘 주신다 시험도 어렵지 않았다 팀 과제 매주마다 내주신다 질문에 대한 답을 녹음하는 방식 근데 일처리를 정말 못하신다 중간고사는 과제대체였구요 기말고사는 온라인으로 봤습니다 시험은 엄청쉬웠어요 그냥 수업만 제대로 들으면 잘 볼 수 있어요 하지만 시험과제 관련 공지 엄청 느리셨어요 조별과제는 매주 있었는데 오래걸리지 않았어요 준비녹음하는데 40분50분 정도 걸렸습니다 나쁘지 않은 강의 였어요 처음오신분이라 가끔 실수가 있었다는거 빼고는요 재수강자 입장에서 타 대학영어교양영어 교수님들에 비해 과제조모임도 적은 편입니다 처음 오신 분이라 자잘한 실수가 있긴 했지만 이정도면 매우 괜찮으신 분이라고 생각합니다 일처리가 너무 처음에 교재도 잘못공지해서 책사고 1주차 필기도 했는데 갑자기 공지 잘못했다고 다른책으로 사라하시고 매주과제 팀플 관련 과제 변동사항 공지도 너무 느리고 수업 퀄리티도 성적도 아직도 안나오네요 좀 너무 걍 답답해요 수업자체가 과제가 일단 매주 있어서 너무 힘들었습니다 싸강인데도 매주 팀플을 시키셔서 솔직히 벅찼습니다 가장 불만이었던 부분은 과제량입니다 교수님 수업 퀄리티도 잘 모르겠고 일처리도  3월달에 교재 공지도 잘못알려주셔서 내 돈 2만원 갑자기 공중분해 됨  그때 진작 드랍을 했어야 했는데 교수님 일 너무 못하심 정말 정말 교재도 잘못 알려주시고 시험 공지도 잘못 해주시고 과제 공지도 참 과제는 매주 녹음하는건데 이건 대본작성녹음 다 해서 3040분이면 됨 기말고사는 쉬웠음 일처리만 잘하셨다면 다음 학기에 무조건 들었을텐데 고민됨 교수님이 우리한테 관심 없는 것 같음  맨날 구글 드라이브 폴더 생성 안 되어 있고 비추 차라리 시험 잘쳐서 평화가세요 매주 과제있음 시험은 너무쉬움 교재만 2번정도 읽고가면 틀리기가 더 어려울듯
Communicative English(1) : L/S,이선우,매번 수업 끝나고 토론 올려야 하는게 좀 귀찮다는 생각이 가끔 들었는데 이건 다른 대영도 마찬가지인 것 같아서 그리구 수업 시작 후 5분까지 출석 댓글을 달아야 했던 걸로 기억해요  그렇지만 학점은 좋게 나왔습니당 교수님이 일단 학생 배려 많이 해주시고 친절하세요 싸강이라 그런지 매 수업마다 토론 형식으로 과제 있었는데 어렵지는 않지만 귀찮긴 했습니다딱 수업 시작 시간 맞춰서 출결해야 합니다솔직히 영어 실력이 향상된 건 아니지만 좋았습니다 온라인으로 진행돼서 출석 과제가 좀 많긴 했지만 전혀 어려운 내용 아니고 금방 할 수 있는 것들이에요 중간 에세이 대체 기말 녹음 대체여서 부담없었고 팝업테스트 보는데 엄청 쉬워서 걱정안하셔도돼요 절평이라 다 잘 받았지만 만약 상평이면 애이 컷 매우 높을듯 온라인 강의로 진행했습니다 수업 끝나고 매번 토론 작성해야하는게 좀 귀찮긴 했는데 양이 많거나 부담스러운 정도는 아님 질문 메일에도 잘 답변 해주시고 수업 준비도 열심히 하십니다 노력하는게 보이는 그런 분이십니다 이번 수업이 코로나때문에 싸강으로 진행됐습니다 교수님 엄청 친절하세요 중간기말 모두 대체과제로 진행되었습니다 출석과제가 다소 번거로운 부분도 있었지만 수업도 깔끔해요 출석을 신경써서 해야합니다 교수님 너무 좋으셔요  진짜 온라인 강의였지만 저는 나름 강의 퀄리티에 만족했습니다 그리고 성적도 잘주려고 하신것같아요 과제는 강의있는 날마다 토론과제 같은거 있는데 부담스럽지는 않습니다 과제를 하는거에 의미를 두시는 것 같아요 출석은 쫌 빡셌습니다 시간내에 강의 다 듣고 5분안에 출석 댓글 다는거 그래도 학점 너무 잘받고 가서 좋았어요 감사합니다 출결은 시간 내에 출석 게시글에 댓글 달고 영상 시청하시면 되어요 그냥 싸강이라고 미루지만 않으면 되는 정도 강의 내용은 어렵지 않고 그냥 교재에 충실하게 진행하세요 대신 매 회차마다 이클래스 토론방을 통한 과제가 주어지는데 어려운 거 전혀 없습니다 대신 시간 제한이 조금 시간이 필요한 건 그날 자정 빡빡한 건 그날 수업 시간 끝나기 전까지니까 마감 시간 꼭 체크하시길 시험은 중간 기말 모두 과제 대체였고 중간은 에세이 기말은 스피킹녹음이었습니다 가끔 수업 안 하고 팝업 테스트를 본 적이 있는데 수업 평소에 미루지 않고 들었다면 무난히 풀 수 있는 문제들이었어요 주로 교재에서 가르쳐주는 발음 문법 어휘 문맥 의미 관련해서 출제됩니다 특별히 따로 공부한 것 없이 수업 토론 출석 팝업 테스트 중간 기말 대체 과제 빠짐없이 참여했고 A 받아서 만족합니다 대신 뭔가 새롭게 알고 배워가는 건 크게 없었던 것 같아요 교수님께서는 정말 친절하시고 학생들 많이 생각해주시는 게 느껴졌어요 강의 준비성 투철하세요 나는 빡세게 해서 영어 실력 향상시키고 싶다  비추 다른 대영에 비해 널널하게 하고 학점 안정적으로 받고 싶다  강추 온라인강의기준 1 출결 처음엔 5분만에 댓글남기고 거의 실시간 강의처럼 녹화강의를 제한시간내에 들어야돼서 좀 스트레스였어요 결석 1번 지각 12번 해서 망했구나 했는데 출결에서는 진짜별로 안깎였습니다 2 토론과제 이거는 수업들은날 매일 있는데 완전 초초초초쉬운 거라 좋았습니다  질문은 약간 이런식  실생활에서 당신이 쓰고 있는 물건 소개하기 영어로 걍 번역기 돌리면 됨 3 시험 온라인 수업이러 시험을 딱히 안봤어요 기말 때도 대체 과재로 했는데 이것도 난이도가 되게 쉬웠어요 25분짜리 발표 녹음해서 매일제출 4pop up test 사전공지를 안하시고 보는 팝업 테스트 라는 것이있습니다 배운거 복습차원으로 응용해서 나옵니다 근데 진짜 쉽고 문제수 얼마 없어요  전체적으로 다른 대영 보다 제일 널널한듯 해요 듣길 잘했어요
Communicative English(1) : L/S,이은혜,갓은혜 수업 쉽고 과제 적고 시험 쉽고 교수님 착하시고 교수님 예쁘시고 교수님 사랑해요 22년1학기 대면으로 수업했는데 중간 기말 모두 대면 시험 봤어요 시험은 고등학교 내신시험 생각하시면 됩니다 그냥 달달 암기하면 에이쁠나옵니다 팀플 딱 한번 있었는데 기간이 기말 시험 막바지쯤이라 조금은 부담되시도 했지만 점수 후하게 주셔서 괜찮았습니다 나만 알고싶은 꿀강임 너무 친절하시고 영어를 그닥 좋아하지 않았는데 칭찬해주시고 쉽게 잘 풀어서 설명해주셔서 대영 시간이 엄청 즐거웠어요 시험도 꼼꼼하게 공부하면 충분히 잘 받으실 수 있습니다 과제가 상당히 만음 하지만 따라가기 어려운수준은 아님 전체적으로 무난함 교수님 최고십니다 너무 친절해요 쉅은 조금 지루하지만 너무 귀엽고 가끔 힘든 거 위로해주시고 뭐 대답만 해도 와우 엑셀런트 어썸 해주시는데 괜시리 기분 좋아집니당 이클래스 게시물에도 뭐 다들 힘내고 건강해요 이렇게 올려주시는데 사람 참 좋으신 것 같아요 쉅 어렵지 않고 괜찮은데 시험이 쉬워서 한문제 한문제가 소중해여 교수님 좋아요 영어 못 하는 저는 성적에서 썰렸지만 수업 따라가는 데는 무리 없었습니다 대영수업을 친절하게 진행해주십니다 수업할때 늘 재미있었습니다 진짜 교수님 너무 좋으세요 수업하다 너무 길어지거나 학생들이 힘들다 싶으면 쉬는 시간 주시면서 다독여주시고 수업 후나 쉬는시간에 질문해도 성심성의껏 잘 대답해주고 시험 문제도 막 어렵지 않아요 다만 그래서 시험에서 34개 정도 틀리면 좋은 성적은 기대하지 않으시는게 좋아요 그래도 시험이 어렵지 않아서 무난하게 준비하실 수 있을 거예요 교수님 정말 정말 좋으셨어요  쉬는 시간도 조금 내용이 길어진다 싶으면 힘들 것 같다면서 더 주시기도 하셨고 최대한 저희가 알아들을 수 있게 천천히 설명해주셨어요  다만 열심히 공부한 학생이 시험을 잘본다고는 장담할 수 없는 수업인 것 같아요 교수님 친절하시고 학생 한 명씩 이름 불러 출석하십니다 선생님께서 굉장히 친절하시고 질문도 잘 받아주십니다 교수님이 정말 좋으세요 너무 친절하시고 학생들 생각을 많이 해주시는게 느껴집니다 과제도 매 수업 주시는 것 같긴 하지만 대부분 검사를 안하십니다 마지막에 조별활동 발표가 있었으나 크게 부담스럽진 않았습니다 성적은 칼같이 나눠주시는 것 같지만 공부 안한 제 잘못이니까요 과제도 부담없고 추천드립니다 무난하게 들을 수 있는 강의입니다 영어에 대한 부담감 없이 들을 수 있었습니다 교수님이 정말 좋으신 분입니다 시험도 크게 어려운 부분은 없습니다 회화 실력 향상이 목표이신 분께는 추천하지 않습니다 그냥 고등학교 수업 같은 느낌입니다 교수님 너무 친절하시고 피드백도 잘 해주시고 좋았어요 시험도 쉬운 편이었는데 제가 공부를 안 해서 뭐 할 말은 없습니다 교수님 정말 좋으세요 천사십니다진짜 새내기가 학교를 사랑하게 해주시는데 큰 영향을 끼치셨습니다 교수님 너무너무 좋으세용 그냥 부담없이 괜찮은 강의였어요 근데 수업이 조금 지루하구 영어 회화 실력을 기르고 싶으신 분들에겐 비추입니당 평화반이지만 영어를 잘 못하고 내신에 익숙하다 싶으면 이 강의 꼭 들으세요 교수님 친절하시고 발음도 좋으시고 한국인 교수님이라 질문 한국어로 해도 받아주십니다 물론 교수님은 한국어 안 쓰셔요 스크립트 내용 잘 숙지하고 교재 단어 모두 알고 있으면 상당히 수월해요 익숙한 공부 방식으로 하시면 됩니다 시험 쉬운 편인데 점수컷도 그렇게 빡세지 않았습니다 다만 교수님이 쁠제로를 나눠서 주시다 보니 에이쁠은 좀 빡셉니다 에제는 할만해요 조별 발표 한 번 있고 발표만 하면 다 만점 주세요 부담 없이 하시면 됩니다 진짜 부담 없는 대영이라 추천합니다 영어 실력 좀 있으면 전날만 공부해도 성적 잘 나와요 공부를 안 한 저는 할 말이 없지만 정말 좋으신 교수님 시험이 너무 쉬워서 저 빼고 다 잘 보더라고요 정말 친절하시고 영어 못 해도 계속 자존감 북돋아주세요 한국인 교수님이라고 한국어 쓰지 않습니다 혹시 저 같은 분들 참고하세요 다른 교수님들도 그러실 것 같긴 해요 교재랑 스크립트 열심히 공부하면 시험 잘 볼 수 있어요 교수님도 학생들 배려 잘 해주시고 진짜 천사 근데 수업은 약간 지루할 수도 있어요 교수님 너그럽고 친절하세요 매주 조별활동 있는데 부담되는 활동 전혀 아니에요 매번 수업 계획표 올려주시고 수업도 좀 일찍 마쳐주십니다
Communicative English(1) : L/S,이정은,수업 일찍 끝내주시고 과제 거의 없습니다하지만 사람들과 말하기 싫고 발표 싫으신 분들에겐 좀 힘들 수도 있어요 교수님 친절하시고 과제도 없어서 좋아요 매시간마다 가까이 앉은 사람들끼리 조 짜서 대화해요 이보다 좋은 대영 교수님은 없을듯 교수님도 너무 친절하시고 시험도 그다지 어렵지 않아서 열심히 참여만 하면 성적 잘나옴 조별 활동 매시간마다 있어서 말하는거 좋아하시는분들은 좋을듯 거의 항상 수업 일찍 끝내주심 성적 느그러우심 수업은 다소 지루할 수도 매주 영어 조별 영어 회화 진행 수업 시간에 말하는 게 시험에 다오는 문제가 12개 있어서 집중 요함 시험 한번 보고 스피치 영상 한번 찍어서 제출해요 수업 시간에 조모임 진짜 많이하지만 교수님이 좋으신 분이고 재밌어요 진짜 제발 들으세요2학기 수강신청 실패해서 너무 슬퍼요교수님이 조 짜주시면 조끼리 이야기하고 교재 문제 풀어요 발표는 조원 중에 한 명이 하는데 걍 자리에서 하는거라 부담 없음 중간은 시험치고 기말은 스피치 영상 제출이었습니다 중간고사 생각보다 사소한 것까지 나오니까 수업 잘 들으세요 가장 중요한 건 수업을 매우 일찍 마쳐주신다는 것 최고의 대영 2학기때 수강신청 실패해서 너무 아쉬워요 교수님 성격도 좋으시고 풀강도 안하십니다 중간에 시험보고 기말에는 말하기 영상이었습니다 수업시간에 알려주시는 표현만 잘 외워가면 좋은 성적 받으실거에요 교수님 성격도 정말 좋으시고 학생들 배려도 많이 해주십니다 수업도 빨리 끝내주시는 것도 정말 좋았어요 매 수업마다 조를 짜서 활동해야하는데 전 처음에만 조금 힘들고 그 담부터는 재밌게 활동 잘 했어요 저도 소극적인 편인데 그닥 막 엄청 부담되진 않았어서 조 모임 부담된다 하시는 분들 너무 걱정은 안 하셔도 될 것 같아요 시험은 수업만 제대로 듣고 공부 조금만 하시면 성적 나쁘지 않게 나올 듯 합니다 그리고 시험 그렇게 어렵지 않아서 수업 시간에 집중하고 공부만 제대로 하신다면 걱정 안 하셔도 돼요 저는 이 교수님 정말 너무 추천드립니다 숨은 보석같은 강의에요 매번 팀활동이 있으니 고려하세요 전 재밌고 좋았습니다 천천히 말씀하셔서 알아듣기도 쉬웠고 강의도 많으면 한 시간 정도 일찍 끝내주십니다 생각보다 교수님께서 지나가듯 말씀하신 내용도 시험에 나오더라고요 기말고사는 비디오 제출이었습니다 매 수업마다 조로 대화나누기 하는데 매주 자리로 섞어서 조가 나뉘어서 친화력 좋은 분이면 재밌으실 것 같아요 걍 최고의 대영 팀플땜에 극I만 아니면 이거만큼 좋은 강의도 없을듯 시험도 수업때 나온거만 외우면 성적 꽤 잘나옴 교수님 인품과 강의 열정은 되게 좋으세요 그런데 매시간 팀플을 꽤 오랫동안 해야돼서 시도때도 없이 계속 영어로 대화를 해야합니다 근데 주제도 어려워서 할때마다 좀 머리가 아팠어요  시험도 중간은 대체과제였고 기말은 범위가 많거나 그러진 않았는데 그래서 대부분이 다 잘본것 같아요 몇개 틀리는 순간 학점 잘받기는 어려운 느낌 그리고 성적도 너그러운편은 아니세요 원래부터 영어 좀 하시는분 대화하는거 좋아하시는 분에게는 무난한 수업입니다 활동시 조를 짜서 대화시킵니다 그래도 굉장히 편하게 수업해주시고 난이도도 어렵지 않아요 교수님이 친절하시고 재밌으십니다 그냥 무난무난해요 매번 조활동 있지만 과제도 적당하고 팀플 없어요 감히 대영 교수님중에 가장 좋지 않은가 평가한다 조모임이 많기는 하지만 어려운 내용은 아니다보니 그냥 적당히 여러사람들 만나면서 친해질 수 있다 과제나 시험도 어려운 편이 아니어서 큰 부담도 없음 교수님 천사 다만 매번 조별로 이야기해야해서 기빨렸음 중간고사도 비디오 제출하는 거라 부담 없었음 최고의 교수님 중간은 대체 과제 사용 기말이 시험 정말 친절하시고 좋습니다 시험은 기말만 보고 중간고사는 대체과제였습니다
Communicative English(1) : L/S,이중원,교수님 친절하십니다 그러나 강의 특성상 저에게는 너무 힘들었어요 교수님은 진짜 너무너무 좋으시고 만족하는데 그 외가 너무 빡세요 시험이나 과제가 빡세다고 느껴짐 시험 전주 프레젠테이션 매주 팀플 토론 전 약간 힘들었던 교수님 체고  친절하고 스윗함  잘해주심 설명자세하고 진짜 최고처음 오신 분이라 수강신청헐 때 걱정했는데 너무너무너무 만족함 부족한 점이나 피드백은 설문으로 받으면서 고치려고 노력하시는 게 보이고 학교 선배이기도 하고 젊은 교수님이셔서 그런지 친절하시고 센스도 있음 영어로 말하는 거 좋아하고 외향적이면 더 수월하긴 함 교수님 너무 친절하시고 좋으세요 매수업마다 랜덤으로 조가 만들어져서 조끼리 영어로 대화합니다 교수님이 돌아다니시면서 피드백도 해주세요 교수님 개귀여움 성격 너무 좋으심 발음은 다소 콩글리시 느낌이지만 전혀 문제 안 되고 영어 자체를 너무 잘하세요 어려운 어휘 하나 안 쓰시는데도 수업 들을 때마다 감탄합니다 교수님처럼 되고 싶어서  시험 일주일 전에 대본 안 보고 앞에 나가서 영어로 510분 발표해야 한다는 점은 좀 힘들긴 했어요 그것만 빼면 뭐 매주 새로운 조원들을 만나서 오늘 수업에서 배운 문법들 단어들을 가지고 영어로 대화해야 한다는 게 처음엔 정말 너무 힘들었는데 하다 보니까 적응돼서 재밌는 것 같아요 처음엔 단 한 마디도 제대로 못했는데 아무래도 평화반인지라 대부분 저랑 같은 처지이기 때문에  자신감 갖고 아무 말이나 던지다 보니까 좀 는 것 같기도 해요 다만 내향인들은 정말정말 힘들 수도 있어요 실제로 조모임 할 때 말 잘 안 하시는 내향인분들 만나면 이끌어가는 게 넘 힘들었어요 그치만 적응하시면 분명 쉽습니다 막 뱉으시는 걸 추천해요 어차피 교수님이 조별 토론 시간에 돌아다니시면서 방금 내가 한 말에 대해서 피드백 바로바로 친절하게 주십니다 새로 오신 교수님인데 정말 수업에 열정을 가지고 계신 분이구나를 느꼈습니다 파워 J셔서 다음 주 수업 피피티를 수업 끝나자마자 올려주시고 수업 녹화본도 매주 업로드 하십니다 학생들에게 정말 도움 되는 수업을 하고자 노력하시는 것 같아서 정말 만족하는 수업이에용 과제도 성적에 들어가긴 하는데 매주 하나씩 총 10개의 과제 중에서 최대 3개만 제출하면 됩니다 오늘 배운 수업 내용을 활용해서 12분짜리 녹음본만 업로드 하면 돼요 그 녹음본에 대해서 피드백도 바로바로 주십니다 교수님 정말 좋으십니다 수업 어렵지 않고요 수업 추천 드려요 교수님 진짜 좋아요 그저 갓중원 내향인이 함들 수 있긴 한데 틀려도 친절히 알려주시니까 자신감을 가지고 발표 많이 하면 수업이 재밌어질 겁니다 전 내향형임에도 한번 손들고 발표하니 그 뒤부터는 쉬웠습니다 참여 많이 하시는게 좋을 거 같아요 중건 시험도 5분간 교수님과 얘기하는 거라 큰 부담은 없을 듯 합니당 교수님은 좋으세요  근데 저 정말 너무 정신적으로 힘들어서 드랍했어요 엠비티아이 i고 다들 영어 너무 잘하는데 저만 너무 뒤쳐지는 거 같아서 회화공부 점 하고 수강 하려구요 제가 왜 이반인지 모르겠어요  걍 제가 부족해서 힘들었던 것 같아요 Mbti I 97인데 수업 중 조별활동 할만합니다 랜덤으로 돌리는거라 그냥 그 3시간만 서로 대화하고 헤어지면 됨 그리고 그렇게까지 조원들과 말을 많이 하진 않아요시간이별로없음 팀플 중간 전 1번 기말 전 1번 있고 중간 기말은 지필 없이 스피킹으로만 보십니다 과제는 매주 주시는데 학기 내에 2번만 내면 돼요 교수님 올해 새로 오신 분인데 상당히 친절하시고 적극적이십니다 시간 다양하게 분반도 많고 2학점1학점 안 쪼개져 있어서 추천 교수님 좋으셔요 한 주마다 조를 바꿔주시는데 그 조에서 영어로 얘기나누고 하는 수업입니다 근데 내향인은 비추예요 제가 그 내향인이거든요 과제는 10단원 중 2단원 골라서 12분 녹음해서 보내는 거 하나랑 팀플 발표 10분 짜리 있어요 시험은 단어 주시고 그걸로 문장 만드는 것 문법 설명하는 것 교수님이 끊으실 때까지 던진 질문에 답하는 것 이렇게 있어요 교수님이 점고 열정있으셔서 수업은 자체는 정말 좋습니다 일단 수업 시작해서 끝날때까지 영어로 수업하십니다 수업 중에 2번 정도씩 조별로 영어로 대화를 하기 때문에 내향인 이면 힘들지만 적당히 할만합니다 조별 대화가 끝나면 몇 명 지원자를 받아서 간단하게 발표를 시키는데 그거는 내향인은 진짜 못하겠습니다 그래도 보통 지원자만 받고 직접 시키시지는 않는 분위기입니다 과제는 지침에 따라 영어로 12분 글을 쓰고 말하는 걸 녹음해서 올리면 되고요3번 시험 전에 조별 발표 있습니다 진짜 최선을 다해서 평화가 나왔다면 수업이 힘들 수 있습니다 학점 받으려고 일부러 못 쳐서 평화 오신 분들도 가끔 계십니다 내향인이면 비추합니다 그러나 교수님은 좋아요 매주 랜덤으로 조가 구성되고 토론 시키심 교수님은 엄청 사람 좋고 친절하심 근데 중간 기말 바로 전주에 발표 팀플 수업은 교수님은 친절하심 매주 새로운 사람들과 대화해야함 중간 시험도 보는데 직전에 조별과제도 있음 매주 조별로 자리 정해주셔서 영어로 대화하고 참여도가 중요한 수업 같은데 대부분 다 한국인이라 크게 부담은 없어요 매주 주제 정해서 녹음 과제 있는데 그것도 점수 잘 주심 저도 i라 처음에는 부담스러웠는데 이제는 그냥 손 들고 교수님께 발표합니당 큰 부담 없고 교수님 자체가 너무 좋으심 교수님은 정말 좋으십니다 열정 있으시고 젠틀하셔요 다만 조모임이 상당히 많고 팀플들도 있기에 I들에게는 비추해요 그룹 프레젠테이션 2번 최소 발표자 두 명 이상 대본 없이 제한시간 10분 발표 중간 기말 다 봄 조모임 많음 매수업마다 랜덤으로 조 짜주심 최소 2번 최대 3번 녹음 과제 있음 피드백 보고 점수 깐깐하게 매기는 편이시라는 걸 느꼈음 적극적이고 외향적인 분들에겐 추천하지만 전 좀 힘들었어요 교수님은 젠틀하시고 친절하십니다 매주 계속 조를 짜주셔서 영어로 대화해야되는데 극 내향인  영어 못하는 사람한테는 좀 힘들어요 발표 과제도 있고  그치만 교수님은 엄청 열정적이시고 모르는거 질문하면 친절하게 다 답해주셔용 교슈님이 열정적이셔서 좋아요 직접호명하시는데 12시되면 바로 칼출석하시니까 일이분정두 읾직들어와야해요 물어보는거에 잘대답해주시고 위트있고 배려도 많이해주세여 교수님께서 매우 친절하시고 매우 외향적이십니다 또한 학생들의 발언을 적극적으로 유도하시기에 학우들 앞에서 미숙한 영어를 얼굴에 철판 깔고 뽐낼 수 있는 용기가 필요합니다 과제 팀플도 많은 편이지만 난도가 낮아 부담이 되진 않습니다 신입생여러분껜 적극적으로 추천드립니다 교수님께서 되게 밝으셔서 영어를 못하는 저도 재밌게 참여할 수 있었어요 되게 좋아요 교수님께서 학생들의 스피킹을 많이 장려하시는 분이에요 중간 치기 전에만 자신이 원하는 주제로 스피킹 과제 2개 혹은 3개까지 제출하면 됩니다 수업시간 때는 간단한 스피킹 활동 있어요 10분 정도 랜덤으로 교수님이 조를 짜주셔서 간단하게 이야기하고 끝내면 됩니다 수업할 때마다 교수님께서 그날 강의를 온라인으로도 올려주시는 분이라 결석했어도 강의를 볼 수 있습니다 출석은 교수님께서 정각에 직접 호명해서 확인하세요 교수님도 친절하셔서 추천드려요 교수님 엄청 친절하세요 매주 조원을 새로 짜주시고 대화를 시키는 식으로 수업을 진행하십니다 근데 하나도 부담 안되니까 걱정 안 하셔도 돼요 그리고 발표도 자유로운 분위기에서 할 수 있어서 좋습니다
Communicative English(1) : L/S,조은기,교수님이 엄청 친절하시고 영어 어려움을 안느끼게해주심 시험은 준비 잘해야 받을수있음 저는 너무 힘들었던 수업 고등학교 내신하듯 공부해야 점수응 받을 수 있던 시간 투자하기싫으신분들 비추 수업도 재밌었고 시험도 괜찮은 난이도로 나온 것 같아요 너무 듣기 싫었던 수업 억지로 학생들 조짜서 얘기하게하고 현타가 너무 왔었음 시험은 또  이상한 단어 짝짓기 내셔서 너무 싫었음 억지로 학생들을 줄세우기한다는 느낌 수업이 지루했어요 교재 위주로 진도 많이 나가고 시험도 다 그 안에서 나옵니다 달달달 외우면 풀 수 있을 거예요 저는 공부를 안 해서 못 풀었지만 수업도 꽉꽉 채워서 하시고 시험도 은근 준비할 게 많아요 교수님은 넘넘 좋으신데 편한 수업은 아니에요 교수님 나긋나긋하시고 좋아요 자잘하게 과제 내주시는데 전혀 부담되진 않아요 시험은 걍 시험 범위에 있는 내용 좀 암기하면 돼요 스피킹이랑 필기 시험 같이 봅니다 중간기말 둘 다 같은 식
Communicative English(1) : L/S,홍승연,교수님이 정말 체계적이고 공지를 잘해주십니다 자료도 잘 정리되어 있어 공부할 때 편하고 대영 중에서는 제일 추천하는 교수님입니다 교수님이 영어 듣는거에 관한 꿀팁도 알려주시고 너무 친절하십니다 이름도 다 외우시고 친절하십니다 1교시지만 들을만한 대영이라고 생각해용 1교시지만 들을만한 가치가 있습니다 중요한 공지는 한국어로 해주시고 좋은 의미의 FM계열 선생님 학생 한분한분을 되게 챙겨주시고 친구들이랑 얘기도 많이 시켜서 친구 사귀기도 좋아요 원어민 교수님들은 A받기 힘들거같아서 일부러 한국인 교수님께 들었는데 내신식으로 단순히 공부한만큼 나오는 시험이라 전 좋았어요 그리고 교수님이 좋은 의미의 fm이시고 친절하십니다 교수님 좋은분이시고 수업 열심히 준비해요셔서 들을 맛 납니다 교수님 너무 좋아요숨겨진 꿀강이 아닐까 싶어요 금요일 아침만 아니라면 너무 좋고 수업만 잘 따라가도 성적은 잘 나옵니다 더 빡센 대영도 많은 것 같아 이정도면 무난한 것 같아요 수업 열심히 들으세요 교수님 정말 친절하시고 강의력 좋으셔서 수업 지루하지 않고 재밌었습니다 출석 유고 내더라도 참여점수가 따로 있어서 안 나오면 점수까입니다 반영도 꽤 큼 수업은 2시간 강의 30분 조별 프리토킹식으로 진행되고 매번 30분 일찍 마쳐주십니다 시험 칠때 본문 내용 다 파악하고 가시면 훨씬 수월하고 단어문제가 생각보다 많이 나옵니다 교과서 문제에서 거의 그대로 교수님이 수업시간에 강조하신대로 나옵니다 듣기 쉐도잉 집에서 한번씩 해보는거 추천합니다 2회독하고 중간기말 1문제씩 틀려서 A 받았습니다 마지막으로 사랑합니다 교수님 교수님 정말 좋으십니다 조모임도 한 번씩해서 지루하지 않았습니다 일단 교수님 너무 좋으십니다 엄청 열정적이고 학생들 이름 다 외우시고 수업도 체계적입니다 다만 그런 만큼 다른 대영에 비해 빡셉니다 과제 2번 있고 시험도 내신 느낌으로 다양한 문제 유형으로 출제되고 기말에는 영어 발표와 시험 동시에 쳐야하는 어려움이 있습니다 그럼에도 성적은 너그럽게 주십니다 제가 영포자라서 공부를 아예 안하고 중간 기말 다 평균 이하 점수였는데 B주셨습니다 다른 동기들 대영때문에 스트레스 많이 받던데 난 교수님과 함께여서 너무 행복했다 진심 극 J 성향이신 것 같은데 그만큼 수업 체계적이고 꼼꼼하시다 솔직히 외대 들어오기 전에 대영수업 때문에 고민 많이 했는데 교수님 덕분에 큰 고민 하나 덜었슴다 2학기 때 뵙겠습니다 수업이 엄청 체계적이고 과제시험 등 공지사항을 굉장히 자세히 설명해주셔서 헷갈릴 일이 없습니다 수업은 주로 2시간하고 30분 팀별로 스몰토크하면 되고요 항상 20분 일찍 끝납니다 시험도 내신식이여서 열심히만 하면 A 가능하고요 무엇보다 그냥 교수님이 천사입니다 1교시라 그런지 이 수업 아무도 모르던데 그냥 계속 저만 듣고 싶어요 교수님이 너무 친절하시고 성적을 너그럽게 주심 교수님 3주차에 이름 다 외우십니다 2주에 한번 꼴로 조별로 대화하는 시간 있어요 전혀 부담되지 않고 스몰토크하는 거라 본인이 원한다면 친구도 많이 사귈 수 있어요 시험도 1주일전에 스크립트 위주로 복습하면 될 정도로 평이하게 나옵니다 1교시라 빡세긴 한데 교수님이 학생들 배려를 상당히 많이 해주십니다 강의력도 좋으시고 열심히 수업해 주십니다 매주 조별로 모여서 토론하는 게 있고수업 시간 중 하는 거고 안 빡셈 수업 항상 일찍 끝내주십니다 교수님이 정말 좋으세요 학생 입장 신경 써서 배려해주시는 게 느껴지고 강의 계획이나 평가 부분도 꼼꼼히 설명해주십니다 매주 조별로 일상적인 주제에 대해 영어로 대화하는 시간 있어요 교수님 좋으시고 수강신청 경쟁률도 빡세지가 않아서 숨겨진 꿀강이라고 할 수 있습니다 1교시라 조금 힘들었지만 그거 빼곤 완벽한 수업이었어요 배우는 내용도 어렵지 않고 잘 설명해 주셔서 아주 좋았습니다 성적도 공부한 만큼 나오는 거 같아요 교수님께서 학생들에게 관심도 많으시고 수업 분위기도 잘 이끌어가세요 꿀강의예요  대영은 역시 홍승연 교수님 1교시라 그런진 몰라도 많이 졸았지만 정말 친절하게 꼼꼼히 수업하십니다 시험 크게 어렵지 않고 성적도 너그럽게 주십니다 교수님이 정말 최고십니다 그냥 친절하신 건 기본이고 어려운 거 있으면 학생들 반응 다 살펴서 다시 설명해주시고 딕션도 넘 좋으십니다 이 교수님 수업은 진짜 또 듣고 싶어요
